timestamp,sensor_1,sensor_2
1700056985.5328782,77.55,36.19
1700056985.60546,79.94,38.34
1700056985.6766465,79.14,38.87
1700056985.749164,74.56,38.14
1700056985.821647,77.88,37.50
1700056985.8928442,76.31,34.22
1700056985.96539,78.63,37.21
1700056986.0368202,81.94,36.43
1700056986.1081524,77.67,38.38
1700056986.180838,73.06,37.01
1700056986.2528424,75.24,38.09
1700056986.3250165,78.66,40.27
1700056986.3966422,79.61,39.88
1700056986.4684033,76.17,38.63
1700056986.5404565,72.99,36.24
1700056986.6129756,73.16,37.78
1700056986.6846528,74.47,38.81
1700056986.756796,76.14,39.92
1700056986.8287969,76.19,37.92
1700056986.9005485,76.86,36.19
1700056986.9731963,76.92,35.11
1700056987.0441904,73.69,38.31
1700056987.1167762,78.95,40.80
1700056987.189421,75.98,37.90
1700056987.2610047,76.38,35.12
1700056987.332004,73.80,38.16
1700056987.4045575,68.62,37.05
1700056987.4762611,77.62,38.25
1700056987.549229,74.09,36.58
1700056987.6207893,77.11,35.38
1700056987.693373,74.78,35.60
1700056987.7648613,71.21,37.54
1700056987.836857,71.98,37.12
1700056987.908339,73.05,34.94
1700056987.9804604,74.99,35.04
1700056988.0524397,73.81,36.84
1700056988.1249578,72.41,37.09
1700056988.1966884,74.95,37.43
1700056988.268299,72.79,35.40
1700056988.3412936,75.50,37.66
1700056988.4128604,74.42,34.72
1700056988.4845319,72.15,39.51
1700056988.5570517,72.21,35.42
1700056988.6290512,70.44,36.69
1700056988.7008054,76.60,35.30
1700056988.7723317,74.57,37.82
1700056988.8452945,69.91,39.55
1700056988.916916,69.98,34.98
1700056988.9889047,67.74,34.86
1700056989.0603611,72.04,36.60
1700056989.1324103,74.47,38.71
1700056989.204996,71.36,35.78
1700056989.2765002,70.70,35.36
1700056989.3485818,71.04,34.98
1700056989.4202113,72.09,36.73
1700056989.4925728,71.95,37.60
1700056989.5651405,70.41,38.02
1700056989.6371434,70.80,34.44
1700056989.7085748,71.13,35.31
1700056989.7802806,69.89,37.51
1700056989.8532393,71.09,38.40
1700056989.9245908,71.69,36.19
1700056989.9967756,69.67,36.45
1700056990.0681143,69.42,35.37
1700056990.1410651,69.83,37.69
1700056990.2128997,68.34,37.72
1700056990.2855208,70.20,35.54
1700056990.3564937,70.72,36.01
1700056990.4286225,70.18,34.90
1700056990.5007668,66.14,39.69
1700056990.5732393,69.37,38.33
1700056990.6452813,68.18,36.15
1700056990.7168581,70.96,34.99
1700056990.7890255,68.98,37.51
1700056990.8610864,67.85,40.07
1700056990.933116,69.32,36.93
1700056991.0045602,68.72,37.76
1700056991.077191,71.05,35.74
1700056991.148194,68.81,35.08
1700056991.2202601,64.86,40.62
1700056991.2924597,68.55,36.91
1700056991.3640826,66.75,36.61
1700056991.4370248,68.04,37.40
1700056991.5085986,68.07,37.10
1700056991.5811548,66.92,39.38
1700056991.6522174,69.71,37.74
1700056991.7248278,65.62,35.10
1700056991.7963336,68.78,36.60
1700056991.8688762,67.90,37.53
1700056991.9408782,67.55,39.65
1700056992.0129685,63.93,36.52
1700056992.0851367,63.60,35.11
1700056992.1571362,67.95,36.23
1700056992.228527,67.37,37.87
1700056992.301306,65.96,39.52
1700056992.3728778,64.56,36.30
1700056992.4448597,64.27,34.94
1700056992.516502,64.99,37.91
1700056992.588022,68.24,36.96
1700056992.6616244,66.27,37.20
1700056992.7326772,64.51,35.76
1700056992.804257,63.88,36.88
1700056992.8768444,64.82,36.40
1700056992.9489849,65.79,37.50
1700056993.0207427,66.74,36.16
1700056993.093274,64.39,34.68
1700056993.1649377,65.36,36.67
1700056993.2369962,65.87,39.80
1700056993.308478,67.86,37.64
1700056993.3800883,64.70,37.04
1700056993.452151,64.47,34.54
1700056993.5247278,64.17,36.52
1700056993.5961978,62.29,39.57
1700056993.668666,64.76,39.38
1700056993.7406652,64.18,35.07
1700056993.8122025,66.56,36.22
1700056993.8847492,65.23,35.09
1700056993.9567428,62.00,39.32
1700056994.0294247,64.80,37.45
1700056994.1006587,63.66,35.83
1700056994.1731954,66.09,36.07
1700056994.2451982,63.83,32.67
1700056994.3167748,63.20,37.12
1700056994.3883653,67.09,39.55
1700056994.4608817,62.85,34.29
1700056994.532917,65.96,35.62
1700056994.6051843,66.19,36.23
1700056994.6767943,61.80,36.90
1700056994.74886,63.05,37.03
1700056994.8204472,61.62,34.72
1700056994.893031,65.23,35.70
1700056994.9646482,66.00,36.86
1700056995.0376675,60.92,40.04
1700056995.1086946,61.33,37.65
1700056995.1807854,59.89,35.58
1700056995.252806,65.39,36.32
1700056995.3241942,62.91,35.83
1700056995.3967404,63.03,38.37
1700056995.4684644,60.22,38.45
1700056995.5405767,59.92,36.58
1700056995.6132312,64.56,37.70
1700056995.6845198,63.87,35.68
1700056995.7566156,61.61,38.97
1700056995.82914,59.70,34.69
1700056995.9007907,59.53,36.22
1700056995.973405,66.07,36.32
1700056996.0444777,62.67,36.74
1700056996.1166718,60.13,37.19
1700056996.1893387,61.08,36.09
1700056996.261305,60.11,35.64
1700056996.3328204,57.26,38.32
1700056996.404395,63.22,36.83
1700056996.47622,61.15,39.05
1700056996.5491571,61.90,35.13
1700056996.6207695,58.26,37.38
1700056996.6922464,61.63,36.19
1700056996.7647839,66.09,39.08
1700056996.8367913,62.60,38.09
1700056996.9084864,60.84,34.91
1700056996.9807827,63.54,35.61
1700056997.0526836,60.29,36.89
1700056997.1248922,65.28,38.42
1700056997.197406,64.83,35.43
1700056997.2689803,63.30,36.42
1700056997.3409834,59.00,35.45
1700056997.4127524,59.83,37.25
1700056997.484291,62.14,40.68
1700056997.556374,61.85,36.08
1700056997.6284382,59.60,34.49
1700056997.7005668,58.59,35.61
1700056997.7731538,57.75,38.73
1700056997.845092,56.97,37.69
1700056997.9166954,58.33,34.58
1700056997.9893594,87.28,34.51
1700056998.0603716,59.13,35.22
1700056998.1333723,58.04,36.59
1700056998.2049396,60.23,35.47
1700056998.2772472,62.32,35.69
1700056998.3482485,63.46,35.67
1700056998.420497,58.76,34.82
1700056998.492688,57.12,38.23
1700056998.5646365,57.20,36.40
1700056998.6361485,57.55,38.64
1700056998.7086923,60.59,35.37
1700056998.780331,58.69,35.78
1700056998.8523958,55.58,37.02
1700056998.9248936,58.19,36.18
1700056998.9975762,56.00,35.32
1700056999.0691326,59.41,36.07
1700056999.1407669,58.02,36.57
1700056999.2133067,59.53,38.91
1700056999.2850277,57.19,36.07
1700056999.3570623,58.94,36.24
1700056999.4286616,58.72,34.94
1700056999.5010324,59.16,35.27
1700056999.5725935,57.31,38.50
1700056999.6456244,56.30,34.90
1700056999.7171714,55.45,35.30
1700056999.7888658,58.14,36.37
1700056999.8608053,59.89,37.61
1700056999.9333205,54.97,35.38
1700057000.0049229,56.61,36.22
1700057000.0764427,57.97,35.60
1700057000.1484513,56.23,37.00
1700057000.2200408,56.93,35.34
1700057000.2926097,56.26,35.91
1700057000.3646889,55.12,35.72
1700057000.4362133,55.21,35.79
1700057000.5088873,57.41,38.32
1700057000.580374,57.34,37.39
1700057000.6524494,49.76,35.09
1700057000.7248333,58.95,35.86
1700057000.7964826,54.60,35.21
1700057000.8695772,56.13,37.31
1700057000.940627,55.63,38.20
1700057001.01298,54.19,35.39
1700057001.0855727,59.02,34.84
1700057001.1565714,55.88,35.54
1700057001.2283254,55.00,35.75
1700057001.30095,56.64,37.64
1700057001.372979,55.12,36.28
1700057001.444978,57.67,35.42
1700057001.5165768,55.88,34.19
1700057001.5881336,54.67,35.28
1700057001.6611936,55.91,38.13
1700057001.7327256,57.14,38.11
1700057001.805266,59.07,35.55
1700057001.8767948,56.09,34.28
1700057001.9487903,55.02,36.39
1700057002.0204198,56.37,38.26
1700057002.0938184,54.15,35.31
1700057002.164732,59.14,35.99
1700057002.23687,56.46,36.62
1700057002.3084638,56.49,37.07
1700057002.3809524,55.41,34.18
1700057002.4529471,55.82,34.48
1700057002.5244672,59.17,35.17
1700057002.5970292,57.81,35.66
1700057002.669056,55.80,37.33
1700057002.7405872,54.51,37.46
1700057002.813144,54.15,33.56
1700057002.884608,58.49,35.53
1700057002.9566655,56.33,37.68
1700057003.0291755,55.89,36.98
1700057003.100762,54.50,36.36
1700057003.1724453,55.22,33.99
1700057003.2450433,56.33,37.54
1700057003.3166294,55.18,37.21
1700057003.388917,52.26,35.98
1700057003.4609783,54.37,36.51
1700057003.5324595,51.34,37.14
1700057003.605109,56.36,35.11
1700057003.676645,57.94,36.71
1700057003.7486994,54.70,36.99
1700057003.821297,53.89,35.09
1700057003.892809,55.53,34.89
1700057003.9649243,55.84,36.42
1700057004.0363753,54.90,36.49
1700057004.108897,51.32,35.63
1700057004.1814907,54.37,35.43
1700057004.2524962,54.73,34.74
1700057004.3245218,53.12,35.63
1700057004.3970866,55.11,37.86
1700057004.4691706,53.80,38.26
1700057004.5407474,51.96,36.93
1700057004.6130204,53.16,36.31
1700057004.6845977,52.70,37.26
1700057004.7565956,56.27,39.12
1700057004.8291085,51.94,35.89
1700057004.9011486,57.32,36.99
1700057004.9728177,54.22,33.44
1700057005.0448143,50.95,36.95
1700057005.1173353,55.13,37.96
1700057005.1886911,53.02,36.81
1700057005.2606297,54.96,34.94
1700057005.3328657,54.76,35.46
1700057005.4055288,52.99,36.15
1700057005.477066,54.59,40.09
1700057005.549063,52.11,34.45
1700057005.620298,53.92,34.49
1700057005.6928115,54.00,36.16
1700057005.7649071,50.70,38.34
1700057005.8364468,53.31,36.46
1700057005.9092155,50.96,35.50
1700057005.9808726,55.55,34.27
1700057006.0538273,53.48,35.59
1700057006.1254313,53.96,38.28
1700057006.1970718,52.45,36.99
1700057006.269088,51.02,36.03
1700057006.3411186,54.24,35.99
1700057006.4127705,52.81,36.86
1700057006.484437,51.00,37.25
1700057006.5565064,51.58,36.44
1700057006.6290772,51.34,35.87
1700057006.7006166,55.47,36.49
1700057006.772632,52.03,36.16
1700057006.8451347,51.81,37.03
1700057006.916717,51.54,37.08
1700057006.9893115,49.63,36.02
1700057007.061395,56.33,34.63
1700057007.132907,56.64,36.21
1700057007.2045407,50.75,38.39
1700057007.2771354,49.68,36.80
1700057007.3486805,50.77,35.09
1700057007.4212515,53.14,36.33
1700057007.4928203,54.48,36.74
1700057007.564767,49.53,37.76
1700057007.6372814,50.92,35.34
1700057007.7090402,51.81,34.61
1700057007.7805538,51.60,36.02
1700057007.8525944,53.48,39.00
1700057007.9252064,50.80,37.66
1700057007.9967902,51.30,36.18
1700057008.0688565,51.11,33.92
1700057008.1406398,53.30,37.67
1700057008.21328,51.34,37.86
1700057008.2848415,49.81,34.71
1700057008.3571749,52.83,36.00
1700057008.4287896,51.01,34.38
1700057008.5003948,51.82,37.30
1700057008.572459,50.13,36.62
1700057008.6447756,51.32,35.79
1700057008.7163768,51.00,35.64
1700057008.7889843,50.23,35.78
1700057008.8610733,51.39,39.28
1700057008.9326313,52.06,38.61
1700057009.0052278,47.99,35.79
1700057009.0768697,51.01,37.07
1700057009.1488621,51.29,36.42
1700057009.2201738,48.41,39.12
1700057009.2929056,51.22,38.83
1700057009.3645432,49.25,36.53
1700057009.4376652,52.99,34.83
1700057009.5091984,50.24,35.27
1700057009.5809815,47.50,38.29
1700057009.6529317,50.84,38.37
1700057009.7244987,49.34,35.34
1700057009.7971375,53.20,37.18
1700057009.8691723,52.34,37.22
1700057009.9406857,48.75,39.60
1700057010.0133185,50.86,36.49
1700057010.0850391,49.37,35.32
1700057010.157038,53.19,37.04
1700057010.2286286,49.36,36.11
1700057010.3012064,48.41,38.88
1700057010.3732357,50.98,37.60
1700057010.4452891,49.27,36.34
1700057010.5170062,55.23,36.89
1700057010.5892508,50.98,38.27
1700057010.661249,47.49,38.71
1700057010.732963,49.78,37.00
1700057010.8043013,48.09,34.96
1700057010.8769705,52.10,37.27
1700057010.9485703,51.34,37.50
1700057011.0212252,47.53,37.98
1700057011.092876,49.06,36.07
1700057011.1648781,50.15,35.92
1700057011.236545,50.24,37.59
1700057011.3085055,51.25,37.75
1700057011.3809843,46.44,36.12
1700057011.4525452,48.99,35.96
1700057011.5241861,48.85,35.46
1700057011.5967195,50.74,38.66
1700057011.6687562,50.62,37.56
1700057011.7402825,48.50,36.51
1700057011.8128798,47.91,34.97
1700057011.8853953,48.18,34.10
1700057011.9573998,51.13,37.43
1700057012.0290487,51.19,37.28
1700057012.100351,49.25,35.62
1700057012.1723711,50.53,33.46
1700057012.2447877,48.97,35.03
1700057012.3162756,51.61,37.52
1700057012.3889105,50.25,37.45
1700057012.4611337,47.27,36.55
1700057012.5324175,51.32,34.90
1700057012.605192,49.78,36.24
1700057012.677287,48.97,38.76
1700057012.74854,48.71,36.55
1700057012.8210468,48.13,35.62
1700057012.892584,51.51,35.00
1700057012.9645758,47.85,36.65
1700057013.0370903,47.22,37.28
1700057013.108659,48.68,34.16
1700057013.1803205,47.53,34.49
1700057013.2523794,52.06,34.75
1700057013.324975,49.19,35.29
1700057013.397345,47.58,38.13
1700057013.4686685,47.27,36.55
1700057013.5402465,47.06,36.30
1700057013.612924,52.26,36.90
1700057013.6845434,49.70,35.57
1700057013.7575495,47.50,36.47
1700057013.829198,48.41,37.48
1700057013.9007967,44.07,34.86
1700057013.9728048,50.50,35.52
1700057014.0449677,48.95,35.69
1700057014.1166995,47.57,37.48
1700057014.189195,47.92,36.70
1700057014.2611947,44.76,35.60
1700057014.3327599,47.80,36.09
1700057014.4053154,44.41,36.85
1700057014.47632,46.09,37.03
1700057014.5483406,48.32,38.05
1700057014.6210577,48.75,36.85
1700057014.6926,48.74,38.27
1700057014.764665,49.27,38.14
1700057014.8362722,46.57,35.93
1700057014.9087558,48.09,35.57
1700057014.9808095,47.95,36.98
1700057015.053382,48.90,37.65
1700057015.1248622,50.98,37.18
1700057015.1965227,43.61,36.02
1700057015.269474,48.80,37.91
1700057015.3409917,47.94,35.64
1700057015.4132044,46.06,38.40
1700057015.4845898,46.92,39.68
1700057015.556949,45.52,36.41
1700057015.6286142,51.01,35.73
1700057015.700241,48.74,35.90
1700057015.7732406,46.22,37.31
1700057015.8448625,47.74,36.54
1700057015.9165275,45.59,36.30
1700057015.988985,49.71,35.51
1700057016.060986,47.07,36.26
1700057016.1326184,45.52,39.52
1700057016.2051911,46.68,36.54
1700057016.2772148,45.18,35.66
1700057016.3488712,49.13,36.65
1700057016.4205484,49.27,36.03
1700057016.493032,46.23,38.06
1700057016.5650797,42.35,36.98
1700057016.6367931,44.42,35.62
1700057016.70832,50.34,34.40
1700057016.7813284,50.68,35.86
1700057016.8519628,45.77,38.03
1700057016.9246857,44.75,36.22
1700057016.996213,46.91,35.68
1700057017.0691507,50.17,37.03
1700057017.14061,48.81,36.23
1700057017.2133534,43.95,37.08
1700057017.2849357,48.31,35.46
1700057017.356944,47.69,36.22
1700057017.4287267,47.54,37.36
1700057017.500433,48.62,37.57
1700057017.5728836,47.51,35.42
1700057017.6454458,47.21,35.70
1700057017.7169569,47.46,35.28
1700057017.788652,49.47,38.25
1700057017.8616354,48.62,38.50
1700057017.9332795,46.63,35.82
1700057018.0048988,47.09,35.58
1700057018.076902,47.72,37.31
1700057018.1484082,47.77,37.76
1700057018.2211003,48.64,36.66
1700057018.2926037,45.82,36.20
1700057018.3646786,48.46,36.57
1700057018.4369931,47.46,35.57
1700057018.508619,46.62,38.39
1700057018.5811145,46.79,36.48
1700057018.6527667,48.58,37.81
1700057018.7253098,47.48,35.34
1700057018.7967997,48.56,35.10
1700057018.8688512,46.36,37.76
1700057018.9408386,45.21,36.22
1700057019.0124362,45.83,34.53
1700057019.084443,49.28,35.73
1700057019.1569674,48.15,34.74
1700057019.229132,45.70,37.85
1700057019.3008208,49.54,36.76
1700057019.3729157,47.02,36.24
1700057019.4444406,50.80,36.70
1700057019.5168154,47.96,35.27
1700057019.588485,49.56,35.73
1700057019.6611338,47.58,37.51
1700057019.7326827,44.73,36.01
1700057019.8043027,50.65,36.53
1700057019.87739,47.29,35.68
1700057019.9488606,45.43,36.76
1700057020.020441,45.12,36.44
1700057020.092885,45.08,35.48
1700057020.16491,49.59,35.44
1700057020.236563,48.50,38.19
1700057020.3091953,46.00,36.84
1700057020.3804898,46.04,35.51
1700057020.453087,45.81,36.50
1700057020.5247767,46.69,36.09
1700057020.5972886,44.58,36.07
1700057020.6687465,46.21,35.93
1700057020.741454,44.38,33.74
1700057020.8131073,49.77,36.71
1700057020.8851154,45.75,36.40
1700057020.95663,47.79,37.82
1700057021.0291593,46.38,35.45
1700057021.100833,47.22,34.37
1700057021.172918,45.78,34.59
1700057021.2455292,47.49,36.05
1700057021.3171878,48.23,37.25
1700057021.3888578,45.63,33.65
1700057021.4609165,45.67,34.60
1700057021.5333307,48.17,34.19
1700057021.6049342,45.63,36.46
1700057021.6773586,49.38,37.54
1700057021.7491305,44.26,34.34
1700057021.8208842,50.52,34.21
1700057021.8926306,46.26,34.56
1700057021.964619,45.38,36.27
1700057022.0367978,44.65,35.65
1700057022.1085143,44.95,32.75
1700057022.1804755,48.48,34.79
1700057022.2531629,45.75,36.54
1700057022.3246691,46.73,36.75
1700057022.396268,47.22,36.14
1700057022.4682848,44.25,34.18
1700057022.5409367,61.13,33.50
1700057022.6124508,47.40,35.73
1700057022.684546,44.56,36.14
1700057022.7570643,45.91,36.42
1700057022.8286018,46.90,34.68
1700057022.9010022,53.28,33.38
1700057022.972565,46.44,36.45
1700057023.0441165,43.22,36.74
1700057023.1166203,43.50,33.97
1700057023.1886578,44.24,33.75
1700057023.261218,50.77,35.55
1700057023.3327985,54.90,35.57
1700057023.4044266,51.16,35.01
1700057023.4774368,43.37,35.71
1700057023.5489552,44.46,34.94
1700057023.6205537,45.19,34.32
1700057023.6933935,43.11,36.23
1700057023.7653942,45.36,35.43
1700057023.837041,47.87,33.92
1700057023.90865,50.79,33.63
1700057023.980654,43.79,34.29
1700057024.05235,43.43,35.66
1700057024.1248944,42.02,35.57
1700057024.1965544,49.55,33.92
1700057024.2684789,45.88,34.42
1700057024.3420253,48.27,35.37
1700057024.4125888,45.59,34.77
1700057024.4846094,42.40,33.96
1700057024.5571406,45.36,34.27
1700057024.6291838,48.43,32.92
1700057024.701803,45.78,37.02
1700057024.7723525,47.69,36.07
1700057024.8449917,47.72,33.24
1700057024.9164696,41.42,32.53
1700057024.989519,45.27,33.46
1700057025.0610867,41.01,35.01
1700057025.1326172,45.31,33.68
1700057025.2052128,43.60,31.46
1700057025.27722,47.25,31.07
1700057025.34877,45.94,32.36
1700057025.4207568,42.93,32.71
1700057025.4924355,46.81,33.85
1700057025.5644424,44.96,31.48
1700057025.6370034,45.31,31.15
1700057025.708549,47.68,31.86
1700057025.7801764,43.60,32.43
1700057025.852721,45.03,31.58
1700057025.925334,41.94,31.45
1700057025.996855,47.32,29.43
1700057026.0688775,44.66,28.78
1700057026.1404107,43.50,31.98
1700057026.2125766,44.47,36.11
1700057026.2845774,45.33,34.35
1700057026.356136,46.06,34.52
1700057026.4283931,46.77,36.34
1700057026.50098,44.29,34.40
1700057026.5729494,43.41,34.82
1700057026.6444695,43.36,33.29
1700057026.717058,47.93,35.59
1700057026.7886448,47.52,36.28
1700057026.8612285,45.22,34.68
1700057026.9328623,45.17,34.10
1700057027.004423,46.65,34.32
1700057027.076488,49.58,36.42
1700057027.149109,48.75,36.76
1700057027.2206795,43.20,33.49
1700057027.292731,43.74,36.00
1700057027.3651547,43.98,35.42
1700057027.4367557,44.02,37.28
1700057027.5093598,45.66,37.32
1700057027.5804188,43.59,36.29
1700057027.652927,40.74,36.76
1700057027.724462,45.65,34.09
1700057027.797488,45.37,37.39
1700057027.868449,46.33,36.84
1700057027.9411113,44.55,36.42
1700057028.012813,44.85,35.89
1700057028.0847826,49.57,34.05
1700057028.156346,45.90,36.83
1700057028.2288368,45.34,37.14
1700057028.3013656,44.46,35.28
1700057028.372393,47.79,33.98
1700057028.4449384,45.16,34.74
1700057028.516551,44.88,36.90
1700057028.5896132,47.48,37.03
1700057028.6611464,42.57,35.91
1700057028.732771,46.84,35.41
1700057028.8048546,45.18,35.78
1700057028.8768544,42.43,38.61
1700057028.949419,44.43,35.79
1700057029.0209403,43.70,36.36
1700057029.0929527,47.00,35.40
1700057029.164529,45.33,36.72
1700057029.237072,43.58,40.51
1700057029.3085835,46.37,42.15
1700057029.3805802,44.14,54.71
1700057029.452277,47.22,41.41
1700057029.5248985,45.36,31.81
1700057029.5975122,43.61,37.30
1700057029.669514,43.37,37.10
1700057029.741151,42.41,31.88
1700057029.8128495,47.14,33.09
1700057029.8842714,44.08,34.46
1700057029.9567847,44.78,34.76
1700057030.0283985,43.19,39.48
1700057030.1009595,44.76,38.41
1700057030.1729612,46.75,40.34
1700057030.2445166,42.34,42.51
1700057030.3170578,42.29,42.22
1700057030.3881707,44.30,42.54
1700057030.4607391,43.10,36.79
1700057030.5322702,46.79,38.05
1700057030.6049013,45.24,36.53
1700057030.6768997,42.70,36.41
1700057030.7485545,45.17,35.56
1700057030.8211386,44.26,35.08
1700057030.8934007,44.58,36.81
1700057030.9649158,44.23,38.10
1700057031.0365872,43.66,36.26
1700057031.1093125,46.56,36.79
1700057031.1802912,43.97,34.69
1700057031.2529037,45.92,37.40
1700057031.3245966,42.90,37.94
1700057031.3961682,42.76,33.39
1700057031.4687586,45.43,34.83
1700057031.541179,43.97,34.51
1700057031.6128237,43.06,38.82
1700057031.6848955,44.14,33.19
1700057031.75657,42.79,36.61
1700057031.8291843,44.95,31.81
1700057031.901241,44.08,31.14
1700057031.9732423,43.57,34.43
1700057032.04496,44.02,30.90
1700057032.117419,42.33,28.49
1700057032.1894243,45.58,30.21
1700057032.2611246,43.29,30.38
1700057032.3328042,44.17,30.49
1700057032.4054163,42.33,31.22
1700057032.4765866,42.11,31.63
1700057032.5491688,47.17,29.79
1700057032.6207798,44.29,28.01
1700057032.6927795,42.77,31.08
1700057032.7653136,43.08,30.85
1700057032.8369603,42.37,29.18
1700057032.908686,45.78,29.71
1700057032.9806128,44.04,30.37
1700057033.053053,42.62,30.03
1700057033.1245546,44.60,29.58
1700057033.1964986,43.21,28.95
1700057033.2690573,46.80,29.14
1700057033.340686,44.95,31.18
1700057033.4129977,43.43,30.63
1700057033.4850714,42.81,30.26
1700057033.5567017,42.57,28.02
1700057033.6284032,45.60,27.74
1700057033.7009602,42.53,29.00
1700057033.772969,43.12,31.08
1700057033.8444955,44.37,29.15
1700057033.9163861,41.96,28.38
1700057033.9904177,45.37,32.14
1700057034.0609221,43.72,30.85
1700057034.1326108,40.16,30.22
1700057034.20413,43.89,28.12
1700057034.2771294,44.81,29.65
1700057034.348644,44.55,28.94
1700057034.4211752,42.80,31.19
1700057034.4921746,41.46,30.21
1700057034.564736,44.76,28.39
1700057034.6361382,42.44,29.46
1700057034.7087045,44.61,31.97
1700057034.7807012,43.28,31.07
1700057034.8522146,42.65,30.11
1700057034.9247491,44.87,28.94
1700057034.9968247,42.24,29.67
1700057035.0693207,43.29,35.15
1700057035.1408963,43.36,32.34
1700057035.2125936,42.84,35.99
1700057035.2845979,44.38,36.10
1700057035.356176,43.23,38.35
1700057035.4288702,45.40,42.36
1700057035.4999506,45.29,44.41
1700057035.573479,44.30,39.27
1700057035.6449964,49.73,43.96
1700057035.7166562,45.96,43.86
1700057035.7887213,46.89,46.93
1700057035.8613603,47.50,51.08
1700057035.9330645,43.88,43.79
1700057036.0051847,49.61,42.10
1700057036.0771327,46.58,44.82
1700057036.1482337,45.75,46.43
1700057036.2213626,45.94,47.32
1700057036.2934198,44.25,46.09
1700057036.3649354,49.48,46.06
1700057036.436687,46.78,47.45
1700057036.5083306,45.62,47.04
1700057036.581277,44.81,49.81
1700057036.6529949,46.12,46.82
1700057036.724537,48.60,45.90
1700057036.7965872,46.25,46.86
1700057036.8692029,44.12,47.09
1700057036.940796,44.79,46.48
1700057037.012778,44.93,43.54
1700057037.0848458,49.94,45.61
1700057037.1565318,46.29,46.88
1700057037.2290378,43.25,46.12
1700057037.3011024,44.24,45.95
1700057037.3727005,45.45,45.17
1700057037.445322,48.70,47.70
1700057037.5169585,46.50,49.56
1700057037.5889783,46.17,46.64
1700057037.6610608,45.52,45.23
1700057037.7327995,46.38,46.55
1700057037.804238,48.62,48.08
1700057037.8772962,46.85,47.62
1700057037.948783,46.40,48.05
1700057038.0206406,47.12,43.90
1700057038.0936484,45.88,44.35
1700057038.1652858,47.51,48.38
1700057038.236968,44.95,47.32
1700057038.308646,45.11,43.90
1700057038.381728,47.50,42.80
1700057038.453292,45.62,43.76
1700057038.5249162,45.92,45.92
1700057038.5969615,45.96,46.66
1700057038.6685703,45.77,44.35
1700057038.7404025,48.37,43.03
1700057038.8130643,45.78,42.71
1700057038.88501,44.81,44.06
1700057038.956667,44.26,38.58
1700057039.0288465,43.12,38.06
1700057039.10079,49.11,35.86
1700057039.1723664,46.22,35.45
1700057039.2449908,45.37,37.85
1700057039.3166049,45.56,39.26
1700057039.3882823,45.88,42.42
1700057039.460801,49.82,41.21
1700057039.5334022,45.72,43.87
1700057039.6053345,45.05,44.45
1700057039.6769018,46.29,45.73
1700057039.7494223,44.56,43.30
1700057039.820987,49.48,42.47
1700057039.8929763,45.61,43.25
1700057039.9646566,44.92,43.10
1700057040.036846,45.22,42.72
1700057040.1082962,45.67,41.07
1700057040.180301,50.08,42.96
1700057040.2526886,45.81,43.11
1700057040.325313,45.45,43.65
1700057040.3963227,46.60,42.92
1700057040.4690485,44.24,41.87
1700057040.541527,49.64,44.13
1700057040.6125839,47.32,43.69
1700057040.6849363,46.05,42.18
1700057040.7574012,45.93,44.03
1700057040.829012,45.39,43.35
1700057040.9010339,49.54,44.06
1700057040.9726074,46.13,43.81
1700057041.0443847,46.21,42.15
1700057041.1166894,44.98,44.00
1700057041.1886418,45.90,42.09
1700057041.260953,49.13,44.50
1700057041.3331115,46.41,44.85
1700057041.405185,44.11,44.14
1700057041.4776928,46.07,42.86
1700057041.5492642,46.36,43.71
1700057041.6214418,47.60,44.80
1700057041.6924257,45.48,44.98
1700057041.764941,43.81,45.11
1700057041.836569,46.08,42.15
1700057041.9086478,46.18,43.35
1700057041.9811125,47.01,46.16
1700057042.052702,45.05,45.06
1700057042.124741,44.64,42.33
1700057042.196915,46.90,41.73
1700057042.2693782,45.45,42.26
1700057042.3410149,46.67,44.22
1700057042.4132533,44.74,43.19
1700057042.4851997,44.77,43.51
1700057042.5567183,47.90,41.88
1700057042.629268,44.65,41.10
1700057042.7012846,45.57,42.44
1700057042.7727242,45.67,44.22
1700057042.8452432,44.89,203.26
1700057042.9167845,47.80,213.08
1700057042.9888506,46.23,76.06
1700057043.0613728,46.52,94.12
1700057043.1325436,46.84,39.82
1700057043.204209,46.59,69.33
1700057043.27678,50.52,47.16
1700057043.3483143,46.82,41.13
1700057043.4209247,45.24,44.07
1700057043.4929256,44.70,44.60
1700057043.5645378,45.60,42.18
1700057043.6371746,48.33,42.87
1700057043.7091575,46.99,42.94
1700057043.7804275,44.37,42.25
1700057043.8530164,46.37,43.39
1700057043.9246933,45.01,41.90
1700057043.996637,48.72,41.55
1700057044.069177,44.60,43.28
1700057044.141215,44.14,43.69
1700057044.2122173,44.60,41.63
1700057044.2852204,44.27,42.98
1700057044.356405,47.31,46.75
1700057044.4294438,45.12,39.61
1700057044.5004475,44.03,91.38
1700057044.5730186,44.77,159.23
1700057044.6455739,44.21,181.85
1700057044.7167497,47.00,136.52
1700057044.788745,44.93,83.18
1700057044.8612802,45.21,47.94
1700057044.9328482,46.62,42.15
1700057045.0048494,45.86,53.66
1700057045.0773718,47.35,44.31
1700057045.149426,45.32,43.62
1700057045.220955,43.43,40.90
1700057045.2929547,45.52,38.20
1700057045.3645122,44.96,40.70
1700057045.4371264,45.92,40.76
1700057045.5091784,44.89,41.68
1700057045.5806491,101.21,39.39
1700057045.6532888,191.79,38.56
1700057045.7248878,498.57,37.63
1700057045.796843,88.23,42.27
1700057045.8694108,41.30,41.29
1700057045.9409032,43.94,40.71
1700057046.0124204,43.59,39.85
1700057046.0854285,41.77,39.62
1700057046.1572626,44.59,41.24
1700057046.2287946,44.99,42.38
1700057046.3009286,43.33,39.86
1700057046.372973,47.28,38.55
1700057046.444504,40.39,39.70
1700057046.517039,181.15,40.63
1700057046.5891268,392.88,40.16
1700057046.660625,253.07,38.69
1700057046.7331893,139.81,39.23
1700057046.8051765,42.96,39.03
1700057046.877286,46.33,42.75
1700057046.9485185,43.20,39.30
1700057047.0211668,42.07,39.00
1700057047.0931554,47.22,37.28
1700057047.1652014,44.47,41.54
1700057047.2368484,42.90,40.41
1700057047.3088772,44.02,41.99
1700057047.3807514,43.09,39.63
1700057047.4532254,47.52,39.68
1700057047.524871,45.37,41.11
1700057047.596867,47.59,40.86
1700057047.6694767,108.10,41.18
1700057047.741116,87.11,38.28
1700057047.813048,70.92,42.59
1700057047.8852649,43.08,41.98
1700057047.9574745,45.01,41.24
1700057048.0289845,49.93,40.61
1700057048.1009903,45.12,39.48
1700057048.1725755,44.90,43.84
1700057048.245404,44.47,41.89
1700057048.316978,43.47,41.74
1700057048.3889759,65.01,39.30
1700057048.460861,185.84,40.30
1700057048.5332053,166.28,40.98
1700057048.6052055,67.66,41.95
1700057048.6768134,51.00,38.73
1700057048.7484114,63.66,37.58
1700057048.8209815,48.84,38.81
1700057048.892978,45.86,42.04
1700057048.9645164,44.74,40.01
1700057049.0370286,44.05,40.57
1700057049.1090956,45.20,37.06
1700057049.1804283,126.70,38.04
1700057049.2523654,106.11,42.18
1700057049.3249943,48.63,39.62
1700057049.396963,44.35,38.17
1700057049.468583,48.69,37.14
1700057049.5410957,44.05,39.17
1700057049.6130826,44.57,42.27
1700057049.6846776,44.05,40.97
1700057049.7573795,46.22,41.99
1700057049.828993,223.99,38.98
1700057049.9009695,44.77,38.85
1700057049.9732418,47.18,41.07
1700057050.0449505,41.58,40.73
1700057050.1174393,42.64,38.43
1700057050.188455,46.17,39.12
1700057050.2604506,44.44,37.52
1700057050.3339853,44.69,41.96
1700057050.405061,43.24,40.64
1700057050.4774141,44.71,39.18
1700057050.5490465,376.32,39.82
1700057050.6215663,47.82,41.07
1700057050.6925812,45.59,42.32
1700057050.7652018,44.20,41.01
1700057050.8368187,43.14,38.36
1700057050.9089727,46.16,39.67
1700057050.9805145,43.62,40.70
1700057051.0528557,42.01,40.17
1700057051.1252682,41.39,40.79
1700057051.1962717,42.42,38.72
1700057051.268818,45.85,40.94
1700057051.3412108,42.94,41.81
1700057051.41258,44.05,40.64
1700057051.4851117,41.75,39.94
1700057051.5571718,43.05,37.95
1700057051.6294014,47.08,40.93
1700057051.70037,44.71,44.09
1700057051.772479,42.41,38.74
1700057051.8450444,46.62,37.71
1700057051.916145,46.68,39.49
1700057051.988737,45.39,41.80
1700057052.0612416,49.53,44.35
1700057052.132865,50.09,44.89
1700057052.204912,167.16,166.23
1700057052.2765062,636.94,286.46
1700057052.3490555,834.99,219.84
1700057052.4202862,408.26,384.36
1700057052.4932835,342.41,232.19
1700057052.5648158,569.98,265.03
1700057052.6374454,143.84,208.80
1700057052.7093778,459.33,142.68
1700057052.7809544,159.78,147.08
1700057052.8524303,259.54,48.14
1700057052.9249473,53.16,37.94
1700057052.995948,67.31,108.50
1700057053.0692983,50.61,56.38
1700057053.1410913,44.59,45.87
1700057053.213101,44.21,33.87
1700057053.2847352,46.61,38.19
1700057053.3565283,43.03,38.06
1700057053.4289536,41.29,37.19
1700057053.500893,42.81,36.98
1700057053.5725033,41.81,36.16
1700057053.6449509,46.46,35.72
1700057053.716936,42.20,32.22
1700057053.7892587,42.20,36.85
1700057053.8605928,41.29,38.39
1700057053.9330795,43.12,35.22
1700057054.0050948,46.47,38.00
1700057054.0766933,43.99,38.48
1700057054.1491616,41.79,41.48
1700057054.2208004,43.10,39.29
1700057054.2928653,41.56,37.43
1700057054.364858,46.57,214.65
1700057054.4375224,41.65,137.38
1700057054.5096576,42.00,35.97
1700057054.5812106,42.99,71.23
1700057054.6527443,45.40,36.19
1700057054.7253182,155.44,41.36
1700057054.7973182,217.88,43.53
1700057054.8688302,45.67,34.72
1700057054.9414194,82.38,37.54
1700057055.01252,39.08,32.95
1700057055.0849898,46.01,36.39
1700057055.156731,40.83,38.73
1700057055.2294154,42.30,35.60
1700057055.3004093,41.53,35.78
1700057055.3728654,40.20,37.57
1700057055.4454057,43.46,37.83
1700057055.5175328,43.06,39.82
1700057055.588975,41.73,37.71
1700057055.6606958,43.48,37.53
1700057055.7331688,42.12,36.23
1700057055.8051705,44.68,38.65
1700057055.876845,44.28,39.39
1700057055.9484053,43.75,36.85
1700057056.0204153,45.90,36.33
1700057056.0930033,43.91,38.40
1700057056.164687,44.74,38.60
1700057056.236309,41.21,37.94
1700057056.308327,41.67,38.64
1700057056.3805017,64.53,35.60
1700057056.4531024,117.45,37.24
1700057056.5246437,99.72,40.36
1700057056.5966327,74.26,40.03
1700057056.66921,209.80,36.54
1700057056.7404628,61.53,36.52
1700057056.8134308,45.49,36.63
1700057056.8849802,42.97,37.83
1700057056.957557,41.81,36.80
1700057057.0290835,42.02,38.48
1700057057.1010883,44.97,35.39
1700057057.1726007,41.55,36.91
1700057057.2451324,41.63,38.02
1700057057.3171666,42.94,37.42
1700057057.3890033,42.34,37.60
1700057057.4607272,267.91,36.76
1700057057.5330217,77.20,35.52
1700057057.6049652,84.14,37.11
1700057057.6767027,42.40,36.63
1700057057.7492044,39.53,36.43
1700057057.8212218,48.17,36.24
1700057057.8928733,41.69,36.73
1700057057.9644678,42.66,35.72
1700057058.0367153,114.39,34.90
1700057058.1087103,199.92,33.18
1700057058.1808918,281.79,36.20
1700057058.2524745,56.34,34.72
1700057058.3249476,38.20,36.49
1700057058.3974075,44.92,34.87
1700057058.4690983,43.14,34.73
1700057058.5404487,45.89,36.36
1700057058.6125128,43.08,35.52
1700057058.6852252,42.16,35.76
1700057058.7567897,41.45,37.67
1700057058.8294034,42.97,34.45
1700057058.9014702,45.33,46.33
1700057058.9729207,42.90,258.28
1700057059.0445373,40.42,134.24
1700057059.1165776,43.75,37.54
1700057059.1890643,41.05,37.78
1700057059.2606068,41.60,37.32
1700057059.3331835,41.83,38.10
1700057059.4051857,40.10,34.07
1700057059.477231,41.67,41.14
1700057059.5489416,41.49,35.29
1700057059.6208498,43.86,81.81
1700057059.6934228,40.18,91.05
1700057059.7649302,39.46,78.67
1700057059.8374202,42.70,41.30
1700057059.9094198,42.13,33.20
1700057059.9810138,43.22,34.46
1700057060.0535452,41.02,33.14
1700057060.124571,41.14,31.50
1700057060.1971288,44.13,31.18
1700057060.2687185,40.24,31.77
1700057060.3412783,41.91,34.46
1700057060.4125626,41.21,426.21
1700057060.4846792,40.35,46.96
1700057060.5573454,44.01,32.19
1700057060.6289687,40.84,36.64
1700057060.7010357,41.37,28.85
1700057060.7726843,41.79,32.56
1700057060.8452973,40.65,34.55
1700057060.9173005,45.49,36.77
1700057060.9886675,41.33,38.44
1700057061.061253,40.82,104.52
1700057061.1338115,40.32,181.85
1700057061.2048774,40.26,35.33
1700057061.277432,44.61,37.30
1700057061.3490846,41.23,37.61
1700057061.4207532,41.23,36.72
1700057061.4932373,41.37,40.81
1700057061.5649862,41.49,31.74
1700057061.636597,45.36,37.85
1700057061.708673,41.52,35.77
1700057061.7812757,40.51,34.29
1700057061.852861,40.98,83.08
1700057061.9258265,41.29,321.96
1700057061.9974756,44.57,57.39
1700057062.0690973,41.42,54.40
1700057062.1406171,38.87,37.07
1700057062.2136197,41.14,34.78
1700057062.285158,39.33,36.46
1700057062.3577273,43.28,39.29
1700057062.4289732,41.96,37.31
1700057062.5008676,39.92,34.50
1700057062.5724323,41.43,458.45
1700057062.645099,40.40,115.22
1700057062.7174678,44.94,48.08
1700057062.7890718,42.55,44.73
1700057062.860628,40.78,40.87
1700057062.933244,42.65,40.15
1700057063.0052254,41.33,44.92
1700057063.0767734,44.27,46.41
1700057063.1483378,40.38,37.96
1700057063.2214649,40.74,31.56
1700057063.2930095,43.57,103.54
1700057063.3645356,41.25,522.33
1700057063.4371939,42.40,489.39
1700057063.5086915,40.69,67.57
1700057063.581208,41.31,71.29
1700057063.6528773,42.99,32.52
1700057063.7248924,42.97,31.76
1700057063.7964597,41.84,36.47
1700057063.8690176,42.04,43.91
1700057063.9407227,39.61,36.81
1700057064.0126388,43.99,36.83
1700057064.0851364,39.65,32.77
1700057064.1568873,42.26,91.59
1700057064.2288938,40.80,111.76
1700057064.3004832,40.31,68.18
1700057064.3729842,43.30,121.50
1700057064.4446237,40.37,80.63
1700057064.517473,40.18,38.43
1700057064.5896025,40.14,35.16
1700057064.661721,42.37,28.84
1700057064.732906,45.31,41.33
1700057064.8049185,41.40,37.27
1700057064.877579,43.26,35.11
1700057064.94918,87.13,38.51
1700057065.021242,708.72,47.75
1700057065.0928516,78.33,36.42
1700057065.1655226,39.43,34.32
1700057065.2371757,37.96,33.79
1700057065.3091776,42.01,33.12
1700057065.3809228,41.23,33.25
1700057065.4535515,42.18,41.86
1700057065.524609,43.40,35.12
1700057065.5967498,39.25,35.30
1700057065.6693802,40.26,34.00
1700057065.7410207,45.78,34.15
1700057065.8130207,84.94,36.67
1700057065.884715,59.26,42.78
1700057065.956432,597.53,36.50
1700057066.028433,129.05,34.01
1700057066.1010463,58.12,33.88
1700057066.1725726,238.94,35.15
1700057066.2451584,38.94,34.38
1700057066.3171597,41.09,34.95
1700057066.3893678,46.59,34.75
1700057066.4607651,67.71,33.44
1700057066.5328224,40.86,36.81
1700057066.6050494,40.32,34.22
1700057066.6773465,38.07,34.05
1700057066.748954,45.97,34.43
1700057066.8209789,41.54,36.93
1700057066.8926127,47.50,35.98
1700057066.9647279,65.09,35.19
1700057067.0373447,349.61,33.85
1700057067.1083436,46.98,34.42
1700057067.1810148,70.59,36.06
1700057067.2525704,43.28,43.72
1700057067.3246405,41.92,41.73
1700057067.3972535,38.58,31.96
1700057067.4689307,41.98,31.21
1700057067.5405395,40.66,30.29
1700057067.6131558,40.44,36.18
1700057067.684839,40.66,44.77
1700057067.756416,41.44,33.55
1700057067.8286006,43.97,29.18
1700057067.901231,38.84,29.15
1700057067.9728897,43.49,29.07
1700057068.0455015,39.94,25.78
1700057068.1165066,40.55,30.51
1700057068.1892195,44.99,23.96
1700057068.2609217,41.30,40.35
1700057068.332927,40.75,27.52
1700057068.4044604,40.39,25.11
1700057068.4770596,47.37,38.66
1700057068.5493166,43.15,34.01
1700057068.6211798,41.12,34.68
1700057068.6927135,42.10,31.82
1700057068.764811,40.58,27.73
1700057068.8373606,40.14,33.25
1700057068.9093661,47.93,32.79
1700057068.981069,43.13,36.36
1700057069.0526576,39.10,34.34
1700057069.1256304,43.64,30.72
1700057069.1971514,47.60,44.36
1700057069.2686708,42.37,33.32
1700057069.3408332,44.71,33.81
1700057069.412994,45.00,46.66
1700057069.484518,78.67,45.97
1700057069.5568671,60.90,28.93
1700057069.6285417,48.10,34.16
1700057069.7010586,44.32,46.08
1700057069.772613,41.04,38.65
1700057069.8450346,39.04,42.97
1700057069.9169831,43.91,35.84
1700057069.988571,56.64,34.65
1700057070.0610416,42.08,30.49
1700057070.1330433,48.37,33.30
1700057070.2055511,34.69,25.42
1700057070.277291,48.81,29.05
1700057070.3493493,41.04,30.96
1700057070.4213452,42.94,40.28
1700057070.493024,38.86,34.57
1700057070.5657153,42.98,30.02
1700057070.636815,41.26,37.12
1700057070.709515,42.66,33.80
1700057070.7812111,41.31,30.52
1700057070.8527853,40.24,46.42
1700057070.9247847,42.56,27.33
1700057070.9964118,39.71,45.27
1700057071.0690286,43.16,34.47
1700057071.1406224,39.57,30.32
1700057071.2126505,41.90,24.74
1700057071.2852514,40.46,36.30
1700057071.3568332,42.28,40.24
1700057071.4288995,44.93,31.70
1700057071.501537,42.05,29.94
1700057071.5732486,40.82,23.23
1700057071.6448722,44.26,29.67
1700057071.7173612,45.80,40.76
1700057071.7890608,41.93,57.65
1700057071.8607051,41.67,40.39
1700057071.9328256,40.47,30.38
1700057072.0054145,44.66,45.61
1700057072.0770326,41.75,35.11
1700057072.1486592,42.04,30.03
1700057072.2206569,39.21,26.75
1700057072.2933383,39.92,31.38
1700057072.364852,40.38,23.10
1700057072.4366195,42.13,26.47
1700057072.509131,39.07,32.85
1700057072.5807798,40.85,32.05
1700057072.653305,41.32,36.09
1700057072.7248917,41.71,41.49
1700057072.796451,39.48,45.62
1700057072.8691337,41.52,44.41
1700057072.9411259,38.28,46.50
1700057073.012645,40.76,44.98
1700057073.0851617,43.13,44.73
1700057073.1577775,38.63,41.24
1700057073.2288196,39.30,37.68
1700057073.3013704,39.72,39.46
1700057073.3730226,37.83,38.77
1700057073.4447012,43.80,39.73
1700057073.5176725,42.20,57.05
1700057073.5883389,44.18,42.21
1700057073.6608417,41.95,42.54
1700057073.7324016,42.25,125.31
1700057073.805115,43.37,36.74
1700057073.8766546,40.65,39.15
1700057073.9493284,41.68,38.08
1700057074.02137,38.83,35.76
1700057074.0929108,40.34,32.76
1700057074.164588,39.76,20.09
1700057074.2366388,40.49,28.70
1700057074.3092363,40.94,26.73
1700057074.3808846,38.37,29.27
1700057074.4535055,44.29,29.91
1700057074.5245345,41.95,39.16
1700057074.5971417,38.27,27.40
1700057074.6687968,38.33,36.39
1700057074.7413597,39.44,25.54
1700057074.8129306,40.40,23.56
1700057074.885502,40.05,25.01
1700057074.9570625,38.40,29.37
1700057075.029061,40.22,23.69
1700057075.100938,38.11,25.64
1700057075.172594,39.10,24.23
1700057075.2450585,40.04,30.04
1700057075.3172462,37.60,28.65
1700057075.3886936,38.56,28.88
1700057075.4613023,40.77,30.56
1700057075.5323527,39.67,34.12
1700057075.6049514,37.80,27.88
1700057075.6765637,38.94,28.80
1700057075.7482836,37.93,27.38
1700057075.8205912,40.47,26.36
1700057075.8922215,39.22,28.03
1700057075.9648569,38.57,27.72
1700057076.03691,38.21,27.46
1700057076.108978,38.82,26.83
1700057076.1813602,41.56,46.89
1700057076.2530303,39.17,32.77
1700057076.3250294,38.26,30.05
1700057076.3965485,37.44,27.75
1700057076.4697368,38.71,28.93
1700057076.540863,38.64,28.37
1700057076.6133428,40.02,29.19
1700057076.6849918,39.37,26.37
1700057076.756559,39.80,27.53
1700057076.8288,82.54,24.60
1700057076.9014366,223.53,27.61
1700057076.9731069,260.83,27.97
1700057077.045169,45.01,27.28
1700057077.116703,36.25,28.88
1700057077.189313,41.96,27.31
1700057077.2609363,42.04,24.88
1700057077.3328762,38.60,28.96
1700057077.4054735,38.19,31.19
1700057077.4771392,39.84,29.67
1700057077.5486667,38.32,26.68
1700057077.620686,39.89,28.84
1700057077.6932862,38.16,29.01
1700057077.7649047,39.32,32.45
1700057077.8373492,38.56,30.24
1700057077.9089186,39.67,37.24
1700057077.9814796,42.45,161.86
1700057078.053006,39.19,363.36
1700057078.1250088,38.42,95.27
1700057078.1976168,39.14,31.26
1700057078.269426,38.23,28.34
1700057078.3414693,41.11,32.40
1700057078.4129794,38.67,28.46
1700057078.4846585,40.31,27.26
1700057078.5573196,39.08,27.72
1700057078.629314,36.61,22.88
1700057078.7010424,40.24,28.63
1700057078.7736025,39.53,28.91
1700057078.8445334,40.01,28.00
1700057078.9172072,40.36,26.13
1700057078.9888003,40.87,26.73
1700057079.0612826,42.66,32.63
1700057079.133323,43.98,26.95
1700057079.20485,39.12,29.39
1700057079.277461,39.33,28.81
1700057079.3484595,39.92,27.28
1700057079.4209769,40.68,28.97
1700057079.4926388,39.26,29.47
1700057079.565294,39.95,29.35
1700057079.637518,41.05,31.32
1700057079.7089484,127.86,29.26
1700057079.7815502,246.20,27.86
1700057079.852764,48.39,26.59
1700057079.9248059,40.93,29.46
1700057079.9971983,42.17,26.70
1700057080.0687878,240.08,30.07
1700057080.1407666,162.49,28.84
1700057080.2133112,91.95,26.93
1700057080.285001,96.36,28.09
1700057080.357207,35.60,27.68
1700057080.4288638,56.74,28.71
1700057080.5010788,44.14,28.74
1700057080.5727744,38.67,26.53
1700057080.6456964,39.89,28.26
1700057080.7172127,41.98,25.64
1700057080.788827,40.92,28.69
1700057080.8617036,40.88,29.51
1700057080.9327552,37.98,30.11
1700057081.0053487,40.25,26.91
1700057081.0770173,42.44,28.99
1700057081.1489782,38.87,29.11
1700057081.2215855,40.93,29.14
1700057081.2930868,38.19,30.02
1700057081.3645923,40.47,28.06
1700057081.436596,43.10,29.63
1700057081.5091796,39.57,57.77
1700057081.5807736,38.81,26.48
1700057081.6534028,37.52,28.27
1700057081.7244177,38.76,30.18
1700057081.7970695,41.11,24.52
1700057081.8692486,39.93,161.32
1700057081.9412472,38.56,104.96
1700057082.0128562,37.07,25.81
1700057082.0854077,39.84,45.41
1700057082.1569278,41.49,30.13
1700057082.2289233,39.56,24.27
1700057082.3015623,39.11,27.63
1700057082.3728263,39.16,28.12
1700057082.444884,39.95,27.05
1700057082.5173433,41.09,28.00
1700057082.5886338,38.54,47.96
1700057082.6613572,38.85,53.36
1700057082.7333312,37.90,176.83
1700057082.8047206,38.08,29.19
1700057082.8771143,39.93,24.66
1700057082.948523,38.13,24.77
1700057083.0209343,39.23,27.44
1700057083.0934856,39.30,26.50
1700057083.1646428,39.35,24.61
1700057083.2366254,39.86,24.69
1700057083.3082469,39.39,28.93
1700057083.3812509,38.84,28.75
1700057083.4521968,40.47,27.45
1700057083.5247338,38.65,95.50
1700057083.5974295,40.41,41.17
1700057083.669087,38.11,35.24
1700057083.7410784,36.85,28.89
1700057083.8126214,39.86,28.93
1700057083.8851824,38.51,26.90
1700057083.9565678,39.16,28.98
1700057084.028533,36.72,29.98
1700057084.101138,38.13,25.72
1700057084.1728127,38.55,28.55
1700057084.2448175,39.30,26.95
1700057084.317372,39.33,28.16
1700057084.389471,38.45,24.53
1700057084.4609938,40.13,141.74
1700057084.532995,40.42,72.25
1700057084.604675,39.00,30.08
1700057084.6772594,40.23,43.65
1700057084.749194,38.37,53.41
1700057084.8207998,38.08,26.25
1700057084.893356,40.66,27.21
1700057084.965068,38.55,24.43
1700057085.0370717,40.23,28.29
1700057085.1094646,39.09,179.25
1700057085.1810563,39.92,218.49
1700057085.2530704,40.37,64.91
1700057085.3245847,39.72,55.22
1700057085.3971353,39.41,53.38
1700057085.4687057,40.40,26.03
1700057085.5417163,38.75,27.11
1700057085.6132383,40.96,25.19
1700057085.684935,40.54,31.41
1700057085.7571177,38.33,28.31
1700057085.8291464,38.44,28.16
1700057085.9016333,38.85,29.92
1700057085.9732604,40.78,42.30
1700057086.044325,40.07,102.13
1700057086.1168551,39.10,33.98
1700057086.1894267,38.88,44.74
1700057086.2606635,38.49,28.15
1700057086.3326795,42.72,27.97
1700057086.4051964,39.61,26.82
1700057086.477267,40.27,207.23
1700057086.5492694,40.52,93.56
1700057086.620791,40.18,48.85
1700057086.6929364,42.13,93.78
1700057086.764252,41.23,29.46
1700057086.837255,38.18,28.81
1700057086.9095352,38.25,26.98
1700057086.9804728,40.71,34.59
1700057087.0530443,42.06,36.48
1700057087.1248293,38.02,25.79
1700057087.1973622,43.76,26.33
1700057087.2688978,49.69,40.44
1700057087.3409007,339.39,28.44
1700057087.4130304,193.29,27.23
1700057087.484622,80.84,28.18
1700057087.5566537,62.62,32.09
1700057087.6291711,63.66,27.97
1700057087.7007077,42.64,28.84
1700057087.7723002,44.00,30.90
1700057087.8452597,39.73,28.13
1700057087.9168422,41.95,27.52
1700057087.9889684,40.51,121.48
1700057088.0613272,41.85,133.58
1700057088.1322775,38.58,135.28
1700057088.2048485,38.81,97.49
1700057088.276741,40.07,62.00
1700057088.3487701,41.55,55.79
1700057088.420296,40.17,52.24
1700057088.4930408,41.09,40.46
1700057088.5646865,38.17,33.99
1700057088.636686,168.46,27.09
1700057088.7090647,340.00,26.33
1700057088.7812288,235.37,30.71
1700057088.8532505,201.96,45.55
1700057088.9252994,72.46,25.02
1700057088.996915,72.66,26.44
1700057089.0694764,52.10,22.80
1700057089.140435,42.14,51.45
1700057089.2137275,42.50,152.90
1700057089.2853055,41.16,75.78
1700057089.3563383,43.44,47.28
1700057089.4293532,42.74,33.87
1700057089.500913,40.73,63.93
1700057089.5726624,42.75,63.55
1700057089.6446645,41.39,38.19
1700057089.7171907,38.85,24.97
1700057089.7895737,41.98,26.01
1700057089.8612018,39.39,26.85
1700057089.9332323,41.47,33.09
1700057090.0054457,42.51,25.11
1700057090.077446,39.82,25.60
1700057090.1484284,40.84,28.85
1700057090.22106,39.20,31.31
1700057090.2925463,41.13,25.86
1700057090.3647125,42.39,29.97
1700057090.4372578,40.87,28.97
1700057090.508781,41.08,30.27
1700057090.5810316,40.42,48.05
1700057090.653065,40.51,25.00
1700057090.7252605,42.51,21.88
1700057090.796819,39.99,29.80
1700057090.8686337,42.98,26.69
1700057090.9408326,41.18,40.61
1700057091.0133736,41.01,25.24
1700057091.0852814,41.16,33.66
1700057091.1572912,40.42,27.47
1700057091.2289252,38.07,27.54
1700057091.300569,39.80,29.82
1700057091.3731103,40.31,28.55
1700057091.4451199,41.08,27.98
1700057091.5167615,39.09,28.99
1700057091.5889466,41.64,33.71
1700057091.6610024,39.31,27.29
1700057091.7331526,40.16,26.67
1700057091.804827,43.30,29.04
1700057091.8773093,41.55,30.48
1700057091.949312,41.67,27.94
1700057092.0208979,39.66,27.32
1700057092.0929134,39.76,28.20
1700057092.1645758,41.82,25.68
1700057092.2375722,41.25,34.35
1700057092.308616,41.62,271.09
1700057092.3812175,40.03,27.31
1700057092.4532244,38.52,36.12
1700057092.5251136,40.37,29.23
1700057092.596768,38.31,47.68
1700057092.6694515,39.89,156.08
1700057092.7414167,39.65,59.00
1700057092.8130836,39.17,38.88
1700057092.884876,41.37,46.01
1700057092.9568844,39.67,24.25
1700057093.0293486,40.76,27.97
1700057093.1012254,41.37,26.29
1700057093.172825,39.69,27.13
1700057093.2448146,40.78,28.28
1700057093.317335,38.61,30.85
1700057093.38842,39.91,29.12
1700057093.4614422,41.85,29.37
1700057093.5330286,40.24,40.61
1700057093.6045554,41.37,286.39
1700057093.6772056,40.32,414.64
1700057093.749258,39.26,102.65
1700057093.820838,41.83,352.38
1700057093.8931813,38.44,352.78
1700057093.9651566,39.21,777.05
1700057094.0367606,39.47,350.80
1700057094.1084032,40.56,319.28
1700057094.1814306,40.19,171.03
1700057094.252565,38.93,109.20
1700057094.3247397,40.71,217.77
1700057094.397037,39.47,236.61
1700057094.4696221,39.37,144.51
1700057094.5406218,43.52,120.59
1700057094.612806,39.92,155.51
1700057094.6853383,41.35,266.55
1700057094.7574518,38.53,106.67
1700057094.8289309,38.78,141.12
1700057094.9005275,42.71,293.43
1700057094.9732049,41.06,194.69
1700057095.0451708,39.33,150.25
1700057095.1174116,39.34,104.98
1700057095.1892452,40.96,127.66
1700057095.2612429,42.49,118.68
1700057095.3328197,39.70,146.92
1700057095.4049833,40.19,137.71
1700057095.4776216,40.12,81.49
1700057095.5496225,39.06,158.63
1700057095.6212072,41.93,152.47
1700057095.692673,40.11,172.86
1700057095.764637,39.67,220.93
1700057095.83725,39.96,329.08
1700057095.909007,39.03,219.47
1700057095.9814756,41.95,248.35
1700057096.0531933,39.87,167.35
1700057096.1247358,39.42,94.96
1700057096.1968431,40.75,202.33
1700057096.2683976,38.83,48.81
1700057096.3414075,40.64,44.76
1700057096.4130688,38.43,48.53
1700057096.4847348,40.01,57.65
1700057096.5568051,43.22,46.40
1700057096.628853,39.79,29.04
1700057096.7005596,39.82,47.27
1700057096.773084,39.44,34.44
1700057096.8450983,41.17,26.62
1700057096.9167616,43.72,23.70
1700057096.9894438,40.02,34.40
1700057097.0614905,40.87,39.48
1700057097.1331096,38.49,32.73
1700057097.2044504,38.39,24.75
1700057097.2769773,40.99,27.11
1700057097.3489761,38.48,24.11
1700057097.4210622,39.23,26.41
1700057097.4926398,39.15,31.84
1700057097.5646977,39.36,26.38
1700057097.6364386,41.16,30.52
1700057097.7089047,39.15,23.05
1700057097.7815197,39.94,25.45
1700057097.8525846,40.05,27.16
1700057097.9251742,39.03,23.21
1700057097.9966931,40.01,34.20
1700057098.0687072,38.82,24.80
1700057098.1412222,38.71,30.65
1700057098.2137756,38.21,27.66
1700057098.2850974,39.17,28.93
1700057098.3573718,40.75,25.73
1700057098.428882,37.75,26.72
1700057098.5005078,38.62,29.71
1700057098.5730424,40.01,24.57
1700057098.6450365,38.67,32.39
1700057098.7176976,41.12,26.29
1700057098.789384,39.32,24.40
1700057098.861438,39.40,38.69
1700057098.9330482,40.17,33.08
1700057099.0047202,40.54,22.13
1700057099.077313,41.01,24.13
1700057099.149294,39.62,35.47
1700057099.221148,39.04,24.92
1700057099.2938247,38.99,22.58
1700057099.3648908,38.42,24.26
1700057099.4373877,40.26,36.44
1700057099.5089483,38.54,33.61
1700057099.5806634,40.74,27.16
1700057099.6526582,40.38,30.39
1700057099.725362,38.77,25.14
1700057099.797984,39.45,25.63
1700057099.8690426,38.27,25.84
1700057099.941556,38.33,30.47
1700057100.013127,41.57,24.93
1700057100.0846782,38.67,24.90
1700057100.1566784,39.20,23.95
1700057100.2292461,39.22,40.68
1700057100.3004913,40.48,26.13
1700057100.372495,40.86,24.62
1700057100.4451096,38.42,29.40
1700057100.5178123,39.26,29.24
1700057100.5884225,38.45,21.84
1700057100.661317,39.15,23.28
1700057100.733945,40.10,22.46
1700057100.8046088,39.10,25.50
1700057100.8771253,38.61,24.80
1700057100.9491444,38.50,36.10
1700057101.0207267,39.01,23.23
1700057101.0934017,41.75,21.89
1700057101.1654677,39.09,22.80
1700057101.2370448,39.59,25.61
1700057101.309215,38.83,24.72
1700057101.3807306,39.35,23.53
1700057101.4532597,40.55,24.91
1700057101.5248787,40.01,24.63
1700057101.596658,38.17,26.46
1700057101.668615,37.13,25.60
1700057101.7412167,37.63,23.28
1700057101.812874,42.03,26.94
1700057101.8845427,39.84,25.55
1700057101.9575412,39.30,26.98
1700057102.0291607,40.17,23.64
1700057102.1007512,40.28,24.28
1700057102.1727529,41.00,23.20
1700057102.2453647,40.85,25.21
1700057102.3173854,41.18,26.37
1700057102.3882496,40.30,25.97
1700057102.4612544,39.71,23.76
1700057102.5327878,41.43,23.54
1700057102.6043794,38.68,24.64
1700057102.6777298,39.62,26.60
1700057102.7487283,40.33,24.09
1700057102.8213382,41.96,25.01
1700057102.8929012,215.70,25.04
1700057102.9659162,351.28,22.32
1700057103.0374415,159.60,23.74
1700057103.1091425,49.86,24.26
1700057103.1813133,53.43,24.13
1700057103.2533514,43.80,29.07
1700057103.324551,39.98,28.75
1700057103.3970976,39.16,33.66
1700057103.4684646,38.35,31.60
1700057103.5410275,38.50,29.57
1700057103.613633,38.78,26.16
1700057103.68481,38.07,29.35
1700057103.7568488,38.30,29.08
1700057103.8291514,40.92,28.01
1700057103.900898,69.71,23.79
1700057103.9728632,244.06,27.97
1700057104.0453773,141.89,24.98
1700057104.117042,47.81,24.60
1700057104.188717,42.48,27.29
1700057104.2607121,38.22,27.34
1700057104.332801,42.63,32.76
1700057104.4051743,37.76,25.60
1700057104.4772027,37.95,26.63
1700057104.5488222,41.55,25.90
1700057104.6215265,40.06,28.46
1700057104.6930842,39.42,27.68
1700057104.765152,39.85,26.45
1700057104.8367617,39.56,22.84
1700057104.909442,41.58,24.44
1700057104.9810815,39.25,24.97
1700057105.0530832,39.39,25.80
1700057105.1249137,39.50,24.98
1700057105.1975992,39.88,23.35
1700057105.2686353,41.62,25.70
1700057105.3404896,39.14,27.45
1700057105.4127717,39.19,22.72
1700057105.485302,39.68,22.28
1700057105.557334,38.95,26.47
1700057105.6289299,41.38,20.20
1700057105.7010672,41.05,62.34
1700057105.7732034,40.01,40.36
1700057105.844751,39.44,58.64
1700057105.9173212,39.57,56.53
1700057105.9890275,41.10,38.08
1700057106.06102,39.39,25.33
1700057106.1336803,39.01,24.69
1700057106.205256,39.38,25.15
1700057106.277315,39.09,24.39
1700057106.3489485,40.81,30.54
1700057106.4209442,39.47,34.01
1700057106.4926016,40.05,25.82
1700057106.564837,38.97,22.13
1700057106.6373465,39.08,24.17
1700057106.7090511,40.20,25.84
1700057106.7801225,38.27,26.04
1700057106.8526363,38.62,34.48
1700057106.925153,38.25,22.74
1700057106.9968958,39.97,24.11
1700057107.0689392,40.68,25.56
1700057107.14153,38.85,25.56
1700057107.2132254,39.00,25.27
1700057107.2849236,39.79,21.18
1700057107.3569262,37.81,21.69
1700057107.4290102,39.16,24.18
1700057107.5007188,38.38,26.72
1700057107.5727777,37.88,26.88
1700057107.645476,40.53,23.64
1700057107.7170858,39.04,26.74
1700057107.7887747,40.25,25.51
1700057107.861313,38.53,33.08
1700057107.9334617,38.84,32.88
1700057108.0051181,41.75,28.83
1700057108.0772393,39.21,22.76
1700057108.148867,40.40,21.85
1700057108.2210846,38.32,28.13
1700057108.292648,39.89,23.61
1700057108.3650239,41.29,52.64
1700057108.4367232,38.15,27.35
1700057108.509219,38.76,29.98
1700057108.5812278,38.07,29.37
1700057108.6528738,37.91,22.13
1700057108.7245016,40.91,31.49
1700057108.797165,38.99,24.79
1700057108.8691642,38.48,26.10
1700057108.9407854,39.24,23.09
1700057109.013396,39.18,23.95
1700057109.0849938,41.34,29.88
1700057109.158014,38.88,26.22
1700057109.22867,38.19,27.16
1700057109.3012006,37.21,27.77
1700057109.373283,37.53,28.29
1700057109.4450898,41.77,27.32
1700057109.5176272,38.84,28.41
1700057109.5892806,39.34,26.62
1700057109.661297,37.82,25.83
1700057109.7338095,37.75,23.90
1700057109.8053982,40.27,26.98
1700057109.877456,37.72,24.75
1700057109.949075,38.76,23.17
1700057110.020719,39.05,25.65
1700057110.0934396,38.77,26.65
1700057110.1654353,42.09,23.78
1700057110.2370446,39.33,26.39
1700057110.3086061,39.51,25.91
1700057110.381664,39.94,23.97
1700057110.4526885,39.12,27.95
1700057110.5244002,40.89,25.70
1700057110.597089,38.58,26.74
1700057110.6691105,37.80,23.47
1700057110.7413948,40.59,23.71
1700057110.812994,38.30,25.58
1700057110.8850458,40.81,26.33
1700057110.956652,38.77,24.69
1700057111.0293276,38.39,28.51
1700057111.1008167,39.05,25.86
1700057111.1728168,38.97,23.70
1700057111.2445042,39.37,28.00
1700057111.317035,38.99,24.93
1700057111.3893743,37.76,22.99
1700057111.461444,38.45,24.69
1700057111.533618,36.93,24.47
1700057111.6052144,38.57,24.58
1700057111.6772633,37.67,26.96
1700057111.7486718,38.34,24.47
1700057111.8211837,39.76,25.30
1700057111.89339,38.43,24.43
1700057111.9653919,40.38,25.72
1700057112.0370307,38.01,27.79
1700057112.1096501,37.41,24.82
1700057112.1806805,38.76,24.02
1700057112.2530644,36.50,26.12
1700057112.3247466,38.71,24.45
1700057112.397746,38.06,28.09
1700057112.4687386,37.58,23.78
1700057112.540815,41.73,26.23
1700057112.6125033,37.78,26.44
1700057112.6854515,39.09,24.80
1700057112.757062,38.69,26.76
1700057112.8296716,38.53,26.53
1700057112.9012322,40.81,26.15
1700057112.973193,38.68,25.47
1700057113.044729,38.82,37.52
1700057113.1173005,53.85,26.49
1700057113.1893163,41.69,32.37
1700057113.2609305,40.10,34.71
1700057113.3325737,47.05,27.12
1700057113.4053538,153.88,34.31
1700057113.4774168,47.03,40.56
1700057113.5483599,51.12,24.81
1700057113.6210356,76.66,29.85
1700057113.6926725,41.97,32.19
1700057113.7646925,36.80,27.92
1700057113.8371875,65.55,23.26
1700057113.908613,40.46,38.73
1700057113.980693,42.10,31.45
1700057114.0532641,52.19,23.37
1700057114.1247928,39.18,27.46
1700057114.1973689,39.11,23.94
1700057114.2693248,39.67,23.70
1700057114.3409505,40.18,26.65
1700057114.4125817,38.38,25.35
1700057114.4846604,38.15,23.36
1700057114.5575597,38.18,27.55
1700057114.6291957,39.47,24.29
1700057114.7017534,38.97,25.60
1700057114.7737157,39.43,34.40
1700057114.8452525,37.29,24.81
1700057114.9168034,38.23,21.10
1700057114.9888117,39.38,24.65
1700057115.0614297,40.00,35.67
